{
    "author": "Josh.5, Chacawaca",
    "compatibility": [
        2
    ],
    "description": "Generate EDL files with Comskip",
    "icon": "https://raw.githubusercontent.com/chacawaca/unmanic-plugins/repo/comskip/icon.png",
    "id": "comskip",
    "name": "Skip commercials in TV show - Comskip",
    "priorities": {
        "on_library_management_file_test":2,
        "on_worker_process": 2,
        "on_postprocessor_task_results":1
    },
    "tags": "video,pvr,library file test",
    "version": "0.0.7"
}